episode,return,steps,epsilon,mean_td_error
0,-86.10000000000008,65,1.0,1.260570329067113
1,-81.10000000000007,52,0.9981,1.4176064126362342
2,-85.70000000000005,53,0.9962,1.4897540721577034
3,-69.50000000000004,51,0.9943,1.2240501024268449
4,-59.10000000000002,38,0.9924,1.2374988551846617
5,-110.10000000000008,74,0.9905,1.1658748479942764
6,-300.69999999999936,197,0.9886,1.2067379085418442
7,-26.399999999999995,20,0.9867,1.2267388240520414
8,-194.19999999999982,146,0.9848,1.1503753809801212
9,-1.2,2,0.9829,0.48198271010156246
10,-321.49999999999926,213,0.981,1.1512935930075783
11,-44.30000000000001,25,0.9791,1.2655490399909346
12,-17.799999999999997,16,0.9772,0.9639891291815956
13,-53.00000000000003,35,0.9753000000000001,1.0763977637533724
14,-3.5999999999999996,4,0.9734,1.1077311980592646
15,-280.8999999999994,182,0.9715,1.1287777693113246
16,-160.79999999999993,111,0.9696,1.0629875751665072
17,-20.499999999999996,17,0.9677,1.001892012619697
18,-4.8,5,0.9658,0.7900326340780646
19,-49.600000000000016,36,0.9639,0.967265420450421
20,-253.29999999999953,174,0.962,1.0198347596787112
21,-44.50000000000001,29,0.9601,0.938296576021974
22,-11.7,9,0.9582,0.7446654831211992
23,-135.9000000000001,100,0.9563,1.0230931661569096
24,-76.20000000000006,56,0.9544,0.9624899868425765
25,-68.50000000000006,50,0.9525,1.0320441341685829
26,-49.40000000000001,40,0.9506,1.0342494209925213
27,-8.4,8,0.9487,0.8051786727307539
28,-50.90000000000002,35,0.9468,1.0320589452457938
29,-5.8,6,0.9449,1.1717977985028931
30,-171.5999999999998,121,0.9430000000000001,0.9810663556032416
31,-25.199999999999996,19,0.9411,1.0275374195902098
32,-119.40000000000012,84,0.9392,1.0480959976292457
33,0.0,1,0.9373,0.517931103463154
34,-91.10000000000007,65,0.9354,0.974586743477211
35,-4.4,5,0.9335,0.5639164694659018
36,-7.0,3,0.9316,2.62524315371095
37,-2.2,3,0.9297,0.5391311306309936
38,-136.30000000000007,85,0.9278,1.1036247088122384
39,-68.40000000000005,44,0.9259,0.9099732643152691
40,-4.6,5,0.924,0.9508135438763888
41,-56.00000000000003,41,0.9221,0.9862987322823269
42,-58.10000000000003,49,0.9202,0.9056786168182617
43,-28.099999999999994,19,0.9183,1.2359440670126656
44,-91.70000000000005,58,0.9164,1.205499687197263
45,-2.4,3,0.9145,1.923507918990577
46,-125.3000000000001,79,0.9126,1.0570834250845276
47,-10.6,10,0.9107000000000001,0.898851034419528
48,-110.80000000000011,82,0.9088,0.9490243963319818
49,-17.4,12,0.9069,0.9975314464584796
50,-38.4,26,0.905,1.1036276144844774
51,-1.0,2,0.9031,0.6718341272673429
52,-129.8000000000001,89,0.9012,1.001403668615133
53,-31.399999999999995,24,0.8993,0.7869991017376045
54,-57.50000000000003,40,0.8974,0.9134766371741282
55,-18.499999999999996,15,0.8955,0.944132127833145
56,-126.00000000000011,81,0.8936,0.8318956713274226
57,-2.4,3,0.8917,0.8598808326381938
58,-35.199999999999996,31,0.8898,0.9446513852937558
59,-30.599999999999994,24,0.8879,1.0468174880004157
60,-16.2,15,0.886,0.9366110106958492
61,-28.199999999999996,21,0.8841,0.9465577067242391
62,-17.099999999999998,14,0.8822,0.9665965522704566
63,-79.80000000000005,54,0.8803,0.9155892324586768
64,-23.199999999999996,17,0.8784,1.0136674561846515
65,0.0,1,0.8765000000000001,0.7419613392113658
66,-235.59999999999954,155,0.8746,0.893958313083771
67,-100.10000000000008,70,0.8727,1.0522850326144364
68,-30.89999999999999,22,0.8708,0.7708817871056315
69,-121.80000000000011,78,0.8689,0.9003053885957953
70,-60.000000000000036,41,0.867,0.9301077907711972
71,-38.1,32,0.8651,0.8216305997410818
72,-144.8,101,0.8632,1.0830170457780832
73,-10.0,10,0.8613,0.8653805693156651
74,-24.699999999999992,20,0.8594,0.7071888699858043
75,-32.89999999999999,28,0.8575,0.7554242039908526
76,-1.0,2,0.8556,0.4951928321566054
77,-50.500000000000036,38,0.8537,0.8517625976880319
78,-4.4,5,0.8518,0.7097772611145281
79,-145.4,106,0.8499,0.8754147030986118
80,0.0,1,0.848,0.6765585948346521
81,-78.90000000000005,51,0.8461,0.919229731838306
82,-106.90000000000009,79,0.8442000000000001,0.8363501861358553
83,-73.60000000000005,52,0.8423,0.8914028891830204
84,-78.10000000000005,54,0.8404,0.8597088270181994
85,-23.4,13,0.8385,0.9296990833856681
86,-18.5,15,0.8366,0.7761760452008073
87,-52.10000000000002,41,0.8347,0.7830609722896377
88,-39.800000000000004,32,0.8328,0.7909816324754962
89,-8.100000000000001,6,0.8309,0.46251124258874426
90,-41.400000000000006,33,0.829,0.9696320609349722
91,-11.4,11,0.8271,0.7869844455777144
92,-41.80000000000001,25,0.8252,1.0310174891832282
93,-38.2,26,0.8233,0.7703501416925711
94,-30.099999999999994,21,0.8214,0.6516990499190628
95,-66.60000000000005,50,0.8195,0.8370053637751095
96,-8.299999999999999,6,0.8176,0.357816876065719
97,0.0,1,0.8157,0.9118292457784128
98,-25.699999999999992,21,0.8138,0.6853274922705396
99,-16.799999999999997,16,0.8119000000000001,0.8615914129684028
100,-6.800000000000001,7,0.81,0.522069817838162
101,-52.10000000000002,36,0.8081,0.7989351486677404
102,-14.399999999999997,13,0.8062,0.692926057575925
103,-65.50000000000004,43,0.8043,0.8809793616608795
104,-2.2,3,0.8024,0.548195982463216
105,-19.699999999999996,16,0.8005,0.8205376673990693
106,-1.2,2,0.7986,0.6006131422410492
107,-79.30000000000007,59,0.7967,0.8287474897507021
108,-85.30000000000004,57,0.7948,0.963266116531535
109,-1.0,2,0.7929,0.7188942775374817
110,-34.599999999999994,23,0.791,0.9359437831754541
111,-1.2,2,0.7891,0.4854210558897118
112,-42.70000000000002,32,0.7872,0.9284903907680391
113,-4.4,5,0.7853,0.9727826217778126
114,-36.6,29,0.7834,0.885460955425562
115,-3.4000000000000004,4,0.7815,1.0855791656999842
116,-6.4,7,0.7796,0.8704781754465607
117,-20.899999999999995,13,0.7777000000000001,0.9452760061504727
118,-5.2,6,0.7758,0.8851835329033335
119,0.0,1,0.7739,0.88469971166004
120,-1.2,2,0.772,0.522219656065301
121,-11.7,9,0.7701,0.8383801688897643
122,-24.399999999999995,18,0.7682,1.0225052628143256
123,-1.2,2,0.7663,0.6313760167705689
124,-1.2,2,0.7644,0.5701323117077721
125,-9.3,7,0.7625,0.658285901932041
126,-71.60000000000004,51,0.7605999999999999,0.9861364855842198
127,-41.400000000000006,33,0.7587,0.884756604511053
128,-4.6,5,0.7568,0.6523173540299528
129,-43.20000000000002,26,0.7549,1.0983643109100725
130,-17.499999999999996,14,0.753,0.928346115910304
131,-7.6000000000000005,8,0.7511,0.7035120804101272
132,-38.4,30,0.7492,0.9649237755945066
133,-7.800000000000001,8,0.7473000000000001,0.7984825937347476
134,-19.799999999999994,18,0.7454000000000001,0.887084501430316
135,-16.4,11,0.7435,0.8590582396962749
136,-74.50000000000006,59,0.7416,0.8899817176354569
137,-27.59999999999999,25,0.7397,0.7632399137095157
138,-147.39999999999998,117,0.7378,0.8810873148100673
139,-10.6,6,0.7359,0.6844646305353201
140,-20.7,13,0.734,1.0406496438257509
141,-4.8,5,0.7321,0.4667106283013226
142,-1.2,2,0.7302,0.5198740280284193
143,-35.900000000000006,22,0.7283000000000001,0.9009782035706236
144,-3.2,4,0.7264,0.9445868701809155
145,-27.999999999999993,21,0.7245,0.9531949178988396
146,-18.2,13,0.7226,0.6838479185693058
147,-79.40000000000005,58,0.7207,0.9136327930874664
148,-7.000000000000001,7,0.7188000000000001,0.5133778689669265
149,-22.0,12,0.7169000000000001,1.3596722351633783
150,-2.4,3,0.7150000000000001,0.4061231011044806
151,-8.2,8,0.7131000000000001,0.572790829613482
152,-44.10000000000001,30,0.7112,0.8524462537789164
153,-27.699999999999992,23,0.7093,0.8947024818852316
154,-2.4,3,0.7074,0.6301544923425798
155,-54.90000000000002,39,0.7055,0.8825363201633922
156,-7.000000000000001,7,0.7036,0.44749852308466426
157,-91.90000000000009,66,0.7017,1.0731575873207293
158,-80.40000000000008,62,0.6998,0.7797867963282088
159,-20.899999999999995,17,0.6979,0.6087261395383118
160,-4.8,5,0.696,0.34092761984157127
161,-5.6000000000000005,6,0.6940999999999999,0.6158387299466707
162,-9.8,10,0.6921999999999999,0.7314819339256375
163,-23.499999999999996,19,0.6903,0.6765608874432929
164,-1.0,2,0.6884,1.0002644814744892
165,-1.0,2,0.6865,0.8717339578588003
166,-31.69999999999999,26,0.6846,0.9666945890415474
167,-2.4,3,0.6827,0.6517793857270998
168,-35.5,30,0.6808000000000001,0.9282740179183583
169,-17.199999999999996,16,0.6789000000000001,0.7819046962010388
170,-20.099999999999994,16,0.677,0.41418460166315185
171,-29.09999999999999,24,0.6751,0.6667932152541636
172,-18.499999999999996,15,0.6732,0.9254187225266471
173,-95.50000000000007,74,0.6713,0.972935078219728
174,0.0,1,0.6694,0.5568307012789465
175,0.0,1,0.6675,0.5386336195378044
176,-3.5999999999999996,4,0.6656,0.7541297992875328
177,-66.60000000000005,50,0.6637,0.731948009910914
178,-5.6000000000000005,6,0.6618,0.49697820264135567
179,-11.6,7,0.6599,0.8121233990720497
180,-7.9,6,0.658,1.4699344099100824
181,-41.7,36,0.6561,0.8902200308139475
182,-25.699999999999996,21,0.6542,0.7459309931937209
183,-4.6,5,0.6523000000000001,0.4331349005982853
184,-14.899999999999997,12,0.6504000000000001,0.694337819055312
185,-19.699999999999996,12,0.6485000000000001,1.376166864856866
186,-2.2,3,0.6466000000000001,0.2744839403054335
187,-10.2,10,0.6447,0.6164566218526943
188,-119.10000000000012,90,0.6428,0.9274204727931901
189,-1.0,2,0.6409,0.7956615186723135
190,-12.599999999999998,12,0.639,0.8528634041640579
191,-5.8,6,0.6371,0.7329516739634183
192,-44.50000000000002,37,0.6352,0.6736876006701191
193,-2.4,3,0.6333,0.485109106549036
194,-15.199999999999998,10,0.6314,0.6005041299852227
195,0.0,1,0.6295,0.7262681204113827
196,-7.0,7,0.6275999999999999,0.38511240587109935
197,-20.5,13,0.6256999999999999,1.0137147908344426
198,-9.2,9,0.6238,0.43065056169135874
199,-23.899999999999995,20,0.6219,0.707932318790328
200,-3.2,4,0.62,0.2413177753955264
201,-48.10000000000001,37,0.6181,1.0128448855110728
202,-10.2,10,0.6162,0.45420679098834044
203,-21.5,18,0.6143000000000001,0.8943742251605789
204,-82.50000000000009,66,0.6124,0.7038220938304571
205,-1.0,2,0.6105,0.7180948962275131
206,-2.4,3,0.6086,0.33025700730439533
207,-31.599999999999994,20,0.6067,1.0295783317039797
208,-4.4,5,0.6048,0.9050775739337471
209,-14.999999999999996,14,0.6029,0.5730105165364741
210,-3.2,4,0.601,0.2923109271229905
211,-26.199999999999992,24,0.5991,0.8019872008414786
212,-11.399999999999999,11,0.5972,0.609830259776699
213,-30.299999999999994,21,0.5953,0.6248548228483117
214,-10.2,10,0.5934,0.9858373103288598
215,-17.599999999999998,12,0.5915,0.7024874057629771
216,-19.299999999999997,16,0.5896,0.7511357630512869
217,-9.299999999999999,7,0.5877,0.9908688506627648
218,-3.4,4,0.5858000000000001,0.6337427494549481
219,0.0,1,0.5839000000000001,2.8387838895961943
220,-14.1,12,0.5820000000000001,1.1136986589717022
221,-11.6,7,0.5801000000000001,0.8641687286187755
222,-8.2,8,0.5782,0.7088868144717277
223,-3.4000000000000004,4,0.5763,0.48912114101354276
224,-1.2,2,0.5744,0.4355283553998172
225,-16.5,14,0.5725,0.7057174689174879
226,-3.4000000000000004,4,0.5706,0.49514927607105974
227,-29.599999999999994,23,0.5687,0.6981826306025293
228,-48.50000000000002,33,0.5668,0.7785942827467487
229,-2.2,3,0.5649,0.31672403514581265
230,-8.8,9,0.563,0.6777445763576744
231,-19.799999999999997,18,0.5610999999999999,0.650763243570887
232,-3.4000000000000004,4,0.5591999999999999,0.5002825252008029
233,-16.999999999999996,16,0.5573,0.6582806234131202
234,-4.7,3,0.5554,0.7759800259582388
235,-16.199999999999996,15,0.5535000000000001,0.9271539173323108
236,-23.199999999999996,21,0.5516000000000001,0.6589211356078735
237,-1.2,2,0.5497000000000001,0.625357439044892
238,-23.999999999999993,22,0.5478000000000001,0.7900899600514685
239,-13.2,13,0.5459,0.7612701396199669
240,-18.299999999999997,15,0.544,0.862489806214557
241,-9.2,5,0.5421,0.6338211495271298
242,-4.6,5,0.5402,0.788380906308005
243,-24.299999999999994,20,0.5383,0.4567010211119767
244,-20.799999999999994,15,0.5364,0.8874470623683529
245,-33.3,28,0.5345,0.7054080488686905
246,-10.2,10,0.5326,0.5652818875122118
247,-26.799999999999994,20,0.5307,0.7661839529576773
248,-16.4,11,0.5288,0.6364731205646228
249,-3.4,4,0.5269,0.5601445379168271
250,-7.1000000000000005,5,0.525,0.6178278664091467
251,-11.3,9,0.5231,1.211994752034317
252,-55.400000000000034,41,0.5212,0.8779618228630274
253,-25.899999999999995,22,0.5193000000000001,0.8642863556013144
254,-14.5,12,0.5174000000000001,1.0612517828343229
255,-6.800000000000001,7,0.5155000000000001,0.5481481390432056
256,-24.299999999999994,20,0.5136000000000001,0.5418381812002565
257,-9.100000000000001,7,0.5117,0.9038680663408799
258,-18.4,13,0.5098,1.277674115873967
259,-56.20000000000002,38,0.5079,1.0292809033811774
260,-4.7,3,0.506,0.697924811098293
261,-9.2,9,0.5041,0.5045306364396939
262,-39.300000000000004,29,0.5022,0.8873996682276247
263,-15.999999999999996,15,0.5003,0.5207882060437058
264,-33.199999999999996,22,0.49839999999999995,0.8920624625743895
265,-4.8,5,0.49650000000000005,0.548640035910279
266,-5.7,4,0.49460000000000004,1.1966974629555205
267,-8.9,7,0.4927,1.0152186637852991
268,-9.0,9,0.4908,0.5756534145079004
269,-33.5,24,0.4889,0.9926198840908914
270,0.0,1,0.487,1.233927925691895
271,-53.50000000000003,41,0.4851,0.7374388590018024
272,-12.0,12,0.48319999999999996,1.1072516061430593
273,-13.899999999999999,11,0.48129999999999995,0.8322573621598565
274,-9.2,9,0.47939999999999994,0.7737016844629694
275,-3.5999999999999996,4,0.47750000000000004,0.7821031079543495
276,-40.90000000000001,30,0.4756,0.7733783553851261
277,-4.6000000000000005,5,0.4737,0.6298146871286434
278,-9.8,10,0.4718,0.8133086772438937
279,-7.0,7,0.4699,0.4872935162001696
280,-3.4000000000000004,4,0.46799999999999997,0.6144609631380319
281,-4.6000000000000005,5,0.46609999999999996,0.5697961031104549
282,-23.999999999999993,22,0.46420000000000006,0.8051951826972018
283,-2.2,3,0.46230000000000004,0.8129879777329507
284,-20.599999999999998,15,0.46040000000000003,0.855956555657411
285,-5.6000000000000005,6,0.4585,1.0754607934029474
286,0.0,1,0.4566000000000001,1.1225607551534837
287,-18.399999999999995,17,0.4547000000000001,0.9608578107545434
288,-19.099999999999998,16,0.4528000000000001,0.8414852267332875
289,-10.499999999999998,8,0.4509000000000001,0.4456440825834508
290,-28.89999999999999,24,0.44900000000000007,0.723471912955854
291,-6.2,7,0.44710000000000005,1.4835543348397562
292,-3.4000000000000004,4,0.44520000000000004,0.4826258206007803
293,-7.9,6,0.4433,0.9713158141261964
294,-5.4,6,0.4414,0.8358635045119002
295,-13.599999999999998,13,0.4395,0.6176891745016015
296,-4.4,5,0.4376000000000001,0.9513266519677888
297,-2.2,3,0.4357000000000001,0.4866942150684892
298,-8.2,8,0.4338000000000001,0.38507304327414765
299,-24.099999999999994,20,0.43190000000000006,1.0060468404829301
300,-17.199999999999996,16,0.43000000000000005,0.596946822501885
301,-2.4,3,0.42810000000000004,0.6543426970845448
302,-7.9,6,0.4262,1.1336882016978658
303,-2.2,3,0.4243,0.42449012544973513
304,-13.999999999999998,9,0.4224,0.7836308524698083
305,-2.4,3,0.4205,0.5128461344260297
306,0.0,1,0.4186000000000001,1.0573491943644195
307,-8.0,4,0.41670000000000007,2.198952138836846
308,0.0,1,0.41480000000000006,1.0831827619863608
309,-2.2,3,0.41290000000000004,0.7415888821033357
310,-2.2,3,0.41100000000000003,0.3851756278291185
311,-4.5,3,0.4091,1.7959818595901371
312,0.0,1,0.4072,1.1437853053807494
313,-12.799999999999997,12,0.4053,0.5177391472153383
314,-6.8,7,0.4034,0.6114982969052456
315,-16.4,15,0.4015000000000001,0.7169320239950093
316,-11.599999999999998,11,0.39960000000000007,0.6395436513518912
317,0.0,1,0.39770000000000005,1.0951189926240579
318,-2.2,3,0.39580000000000004,0.7088961159843493
319,-12.699999999999998,10,0.39390000000000003,0.4686606049204989
320,-4.6000000000000005,5,0.392,0.2504932404304993
321,-6.6000000000000005,7,0.3901,0.6879534441813477
322,-4.6000000000000005,5,0.3882,0.4664574754000134
323,-2.2,3,0.3863,0.7527106621533557
324,-3.4,4,0.38439999999999996,0.6020954757034531
325,-4.4,5,0.38250000000000006,0.37969469261070554
326,-2.2,3,0.38060000000000005,0.6688441911761918
327,0.0,1,0.37870000000000004,0.8776929008879291
328,-16.299999999999997,13,0.3768,0.8303857153182861
329,-10.2,10,0.3749,0.7966987702621009
330,-11.4,11,0.373,0.78161122986775
331,-1.2,2,0.3711,0.5126074271094483
332,-3.2,4,0.3692,0.5245163861341833
333,-1.2,2,0.36729999999999996,0.46954896933531237
334,-3.4000000000000004,4,0.36539999999999995,0.3734157293120687
335,-8.2,8,0.36350000000000005,0.5946002252869317
336,-9.2,9,0.36160000000000003,0.5318510201894482
337,-14.899999999999997,12,0.3597,0.6878495767898053
338,-6.9,5,0.3578,1.1950246617096263
339,-14.799999999999997,14,0.3559,0.7469573310202279
340,-8.0,8,0.354,0.8105369216703414
341,-13.6,9,0.35209999999999997,1.189259250439424
342,-24.999999999999993,23,0.35019999999999996,0.758197305259878
343,-21.999999999999996,16,0.34829999999999994,0.9083240281969687
344,-3.2,4,0.34640000000000004,0.5590945615525942
345,-13.999999999999996,13,0.34450000000000003,0.5732425337416875
346,-1.0,2,0.3426000000000001,0.8341611030252158
347,-15.799999999999997,15,0.3407000000000001,0.6305583487895079
348,-3.4,4,0.3388000000000001,0.6176008735318962
349,-4.4,5,0.3369000000000001,0.3627885037286295
350,-22.599999999999994,21,0.3350000000000001,0.7098257189727231
351,-5.6000000000000005,6,0.33310000000000006,0.44042709875069636
352,-14.799999999999997,10,0.33120000000000005,1.0250729791027244
353,-12.799999999999997,12,0.32930000000000004,0.4256416825798916
354,-14.7,12,0.3274,0.9905522432161368
355,-12.799999999999997,12,0.3255,0.5213179888204363
356,-2.4,3,0.3236000000000001,0.4804063941001096
357,-20.799999999999997,15,0.3217000000000001,1.0735586680058842
358,-4.4,5,0.3198000000000001,0.47194819024476986
359,-6.6000000000000005,7,0.31790000000000007,0.6839784636425164
360,-7.800000000000001,8,0.31600000000000006,0.4528486559522734
361,-2.2,3,0.31410000000000005,0.5818217640316365
362,-1.2,2,0.31220000000000003,0.47578687727446684
363,-17.1,10,0.3103,1.6529523311970036
364,-1.2,2,0.3084,0.42854305760077016
365,-2.0,3,0.3065,0.7795582481197295
366,-3.4,4,0.3046000000000001,0.6782336745080532
367,-9.0,9,0.3027000000000001,0.6256008116198032
368,-4.6000000000000005,5,0.30080000000000007,0.27395379553394184
369,0.0,1,0.29890000000000005,0.9998898908906197
370,-13.2,13,0.29700000000000004,0.8350096512738437
371,-2.4,3,0.29510000000000003,0.47728235485648357
372,-9.4,9,0.2932,0.38296702042458747
373,-2.2,3,0.2913,0.373633155242131
374,-6.6000000000000005,7,0.2894,0.6269433898739615
375,-4.8,5,0.2875000000000001,0.4693938705346482
376,-22.099999999999998,14,0.2856000000000001,1.0823036623421154
377,-8.0,8,0.28370000000000006,0.2714975711346615
378,-3.4000000000000004,4,0.28180000000000005,0.32271753044761986
379,-8.6,9,0.27990000000000004,0.716740184713029
380,-4.6000000000000005,5,0.278,0.3677795244054452
381,-2.2,3,0.2761,0.5894439425622506
382,-7.800000000000001,8,0.2742,0.9464385007508427
383,-18.2,17,0.2723,0.8353228635106549
384,-11.0,11,0.2704,0.784642041158802
385,0.0,1,0.26850000000000007,0.9226648604214523
386,-3.2,4,0.26660000000000006,1.092982513573655
387,-4.7,3,0.26470000000000005,1.4952088778917652
388,-2.2,3,0.26280000000000003,0.834125886533184
389,-7.1,5,0.2609,0.9448060282607132
390,-5.6000000000000005,6,0.259,0.4403496216907185
391,-4.4,5,0.2571,0.8769259236738183
392,-11.599999999999998,11,0.2552,0.6042833931072707
393,-11.6,7,0.25329999999999997,1.3294832728045989
394,-4.4,5,0.25139999999999996,0.7018601828923059
395,-12.599999999999998,12,0.24950000000000006,0.8096658595692343
396,-3.4,4,0.24760000000000004,0.676661668722725
397,0.0,1,0.24570000000000003,0.8490289151549962
398,0.0,1,0.24380000000000002,0.8482774674012333
399,0.0,1,0.2419,0.8356794039104208
400,-5.6000000000000005,6,0.24,0.4220082211450147
401,-10.0,10,0.23809999999999998,0.5747396083785038
402,-4.7,3,0.23619999999999997,1.5022210765114004
403,-6.8,7,0.23429999999999995,0.521392459322467
404,-3.4,4,0.23239999999999994,0.6288947562948008
405,-2.2,3,0.23050000000000004,0.5965952554197903
406,-2.2,3,0.22860000000000003,0.5528538371643992
407,-8.0,8,0.22670000000000012,0.6087921729859683
408,-5.8,6,0.2248000000000001,0.5652359987884309
409,-3.2,4,0.2229000000000001,0.4781827718536555
410,-14.7,8,0.22100000000000009,1.5769910504310534
411,-3.2,4,0.21910000000000007,0.25059719074449177
412,-1.2,2,0.21720000000000006,0.42444806919176
413,-5.6000000000000005,6,0.21530000000000005,0.4169995115725285
414,-1.2,2,0.21340000000000003,0.4574465212138942
415,-2.2,3,0.21150000000000002,0.6016289602215392
416,0.0,1,0.20960000000000012,0.7758253403384298
417,-4.4,5,0.2077000000000001,0.320961874178206
418,-2.2,3,0.2058000000000001,0.5858849334088078
419,-2.2,3,0.20390000000000008,0.600109670887763
420,0.0,1,0.20200000000000007,0.7458074134745188
421,-13.699999999999998,11,0.20010000000000006,1.065142533275955
422,-20.699999999999996,17,0.19820000000000004,0.6832068033461681
423,-1.0,2,0.19630000000000003,0.8065076847126391
424,-4.6000000000000005,5,0.19440000000000002,0.43788500335153396
425,-6.800000000000001,7,0.1925,0.374690480722739
426,-4.2,5,0.1906000000000001,0.6836011888456757
427,-5.4,6,0.1887000000000001,0.5877038426871667
428,-3.2,4,0.18680000000000008,1.075546038139006
429,-4.4,5,0.18490000000000006,0.31162855701753456
430,-7.4,8,0.18300000000000005,1.014651131338944
431,-4.6,5,0.18110000000000004,0.5966384991892958
432,-2.2,3,0.17920000000000003,0.6630437877877099
433,-10.0,10,0.1773,0.802952509754036
434,-4.8,5,0.1754,0.3011187232171848
435,-2.2,3,0.1735,0.3194610691102836
436,-14.2,14,0.17160000000000009,0.7580246015355868
437,0.0,1,0.16970000000000007,0.7488484492765102
438,-2.2,3,0.16780000000000006,1.6572088374297007
439,-13.599999999999998,13,0.16590000000000005,0.7354183037568526
440,-5.9,4,0.16400000000000003,1.174619960350841
441,-8.1,6,0.16210000000000002,0.9705647988915039
442,-7.000000000000001,7,0.1602,0.23120317463237977
443,-12.599999999999998,12,0.1583,0.6684751310851814
444,-8.600000000000001,9,0.15639999999999998,0.8914071065036633
445,-9.6,10,0.15450000000000008,0.6613131940865247
446,-12.3,10,0.15260000000000007,0.9450200448264315
447,-10.2,10,0.15070000000000006,0.5148450039243749
448,-3.5,2,0.14880000000000004,2.1372344230946343
449,-3.5999999999999996,4,0.14690000000000003,0.2956967503426333
450,-3.2,4,0.14500000000000002,1.0450520227457907
451,-1.2,2,0.1431,0.45679826896465525
452,-6.6000000000000005,7,0.1412,1.0811793069470865
453,0.0,1,0.13929999999999998,0.731614134722885
454,-9.0,9,0.13739999999999997,0.856590254112572
455,-3.4,4,0.13550000000000006,0.6516497822120259
456,-10.1,8,0.13360000000000005,0.743137311991629
457,-8.0,8,0.13170000000000004,0.416205805532775
458,-1.0,2,0.12980000000000003,1.0493823853217648
459,-5.4,6,0.1279,0.7507999456677571
460,-2.4,3,0.126,0.37299274598927123
461,0.0,1,0.12409999999999999,0.7171811261872997
462,-13.4,9,0.12219999999999998,1.3398838105695614
463,0.0,1,0.12029999999999996,0.739097257853577
464,-4.4,5,0.11839999999999995,0.5410429505172781
465,-1.2,2,0.11650000000000005,0.45051391744728986
466,-6.6000000000000005,7,0.11460000000000004,0.49220107388736295
467,-21.8,12,0.11270000000000002,1.5018615924934144
468,-6.9,5,0.11080000000000001,1.2975784729795856
469,-3.4,4,0.10890000000000011,0.7550323963977408
470,-3.2,4,0.1070000000000001,0.6905073351761709
471,-8.8,9,0.10510000000000008,0.6250223678440904
472,-2.4,3,0.10320000000000007,0.415294308070893
473,-2.2,3,0.10130000000000006,0.56035081810661
474,-3.2,4,0.09940000000000004,0.23564206123921203
475,-1.2,2,0.09750000000000003,0.44692693759141017
476,-9.8,10,0.09560000000000013,0.7970209668863187
477,-7.7,6,0.09370000000000012,0.9138583385747888
478,-4.4,5,0.0918000000000001,0.5216936053541572
479,-6.8,7,0.08990000000000009,0.5488656699963754
480,-1.2,2,0.08800000000000008,0.4429079148127854
481,-2.2,3,0.08610000000000007,0.8086011010921442
482,-13.5,11,0.08420000000000005,0.6952663256103655
483,-1.2,2,0.08230000000000004,0.414366443745786
484,-8.1,6,0.08040000000000003,0.7726089662014535
485,-1.2,2,0.07850000000000001,0.4125804000779525
486,-2.4,3,0.07660000000000011,0.36193134644137864
487,-1.2,2,0.0747000000000001,0.4224363096545474
488,-4.4,5,0.07280000000000009,0.8853300801747965
489,-2.2,3,0.07090000000000007,0.320499749948963
490,-13.399999999999999,9,0.06900000000000006,1.13585523855482
491,-4.4,5,0.06710000000000005,0.8643567292993216
492,-1.2,2,0.06520000000000004,0.42066177261765964
493,-4.2,5,0.06330000000000002,0.9153552584843624
494,-5.9,4,0.06140000000000001,1.1227274439026276
495,-6.800000000000001,7,0.0595,0.5214442383508192
496,-5.7,4,0.057600000000000096,1.4786126124556602
497,-1.0,2,0.05570000000000008,0.9882326939766248
498,-6.9,5,0.05380000000000007,1.1969136549614472
499,-2.2,3,0.05190000000000006,0.5522356427523439
500,-26.999999999999993,24,0.050000000000000044,0.9923691091211921
501,-5.4,6,0.050000000000000044,0.30307124892635073
502,-1.2,2,0.050000000000000044,0.435820482839596
503,-10.2,6,0.050000000000000044,1.444090615867923
504,-15.0,10,0.050000000000000044,1.1897009942348074
505,0.0,1,0.050000000000000044,0.9237285426562017
506,-1.0,2,0.050000000000000044,0.795452557184188
507,-8.9,7,0.050000000000000044,1.4846416505064979
508,-3.4000000000000004,4,0.050000000000000044,0.2783570974402443
509,-11.4,7,0.050000000000000044,1.7806103717349226
510,-4.4,5,0.050000000000000044,0.5911566458217152
511,-5.6000000000000005,6,0.050000000000000044,0.39094035613958217
512,0.0,1,0.050000000000000044,0.5300832184457666
513,-7.6000000000000005,8,0.050000000000000044,0.6869008560546774
514,-1.2,2,0.050000000000000044,1.8173586624891973
515,-4.5,3,0.050000000000000044,1.7000453892581702
516,-2.2,3,0.050000000000000044,0.47323080481934826
517,-4.6,5,0.050000000000000044,0.49044156033138925
518,-4.5,3,0.050000000000000044,1.8307339847706274
519,-2.2,3,0.050000000000000044,0.5244428837317177
520,-14.8,10,0.050000000000000044,1.1480221345762591
521,-3.4000000000000004,4,0.050000000000000044,0.25300851013982784
522,-1.2,2,0.050000000000000044,0.711346313259737
523,-2.2,3,0.050000000000000044,0.5515909438924896
524,-3.4,4,0.050000000000000044,0.7681553503991535
525,-4.2,5,0.050000000000000044,0.39841753974356736
526,-3.2,4,0.050000000000000044,0.4131300155644238
527,-6.6000000000000005,7,0.050000000000000044,0.4668625816684035
528,-13.399999999999999,13,0.050000000000000044,0.8978886694333842
529,-1.0,2,0.050000000000000044,0.9778309849914852
530,-9.0,9,0.050000000000000044,0.7215708916218534
531,-5.6000000000000005,6,0.050000000000000044,0.48585082011547903
532,-3.4,4,0.050000000000000044,0.5636139111860184
533,-1.2,2,0.050000000000000044,0.42079916636970083
534,-3.2,4,0.050000000000000044,0.23968316770251136
535,-7.8,8,0.050000000000000044,0.7868486112591734
536,-1.2,2,0.050000000000000044,0.5985504353340133
537,-12.1,10,0.050000000000000044,1.161592479105018
538,-5.4,6,0.050000000000000044,0.611771566942395
539,-1.0,2,0.050000000000000044,0.7691015115894887
540,-6.6000000000000005,7,0.050000000000000044,1.023775628484023
541,-6.6000000000000005,7,0.050000000000000044,0.6183559679657835
542,-19.3,17,0.050000000000000044,1.032773908964858
543,-4.4,5,0.050000000000000044,0.42256004271769
544,-3.2,4,0.050000000000000044,1.228388580869306
545,-9.8,10,0.050000000000000044,0.894388685642696
546,-8.8,9,0.050000000000000044,0.6357782666243434
547,-4.4,5,0.050000000000000044,0.40080718887347944
548,-4.4,5,0.050000000000000044,0.5002619557110972
549,-1.0,2,0.050000000000000044,1.0463940957830322
550,-4.4,5,0.050000000000000044,0.4946537648607787
551,-1.2,2,0.050000000000000044,0.4042192243797803
552,-3.2,4,0.050000000000000044,1.1672448716874497
553,-2.2,3,0.050000000000000044,0.7671996165447691
554,-4.4,5,0.050000000000000044,0.9533666798171929
555,-6.6000000000000005,7,0.050000000000000044,0.7872892548921568
556,-10.899999999999999,9,0.050000000000000044,0.938486224709413
557,0.0,1,0.050000000000000044,0.7468547691573509
558,-3.4000000000000004,4,0.050000000000000044,0.252887710943533
559,-3.4000000000000004,4,0.050000000000000044,0.25092947853231173
560,-8.9,7,0.050000000000000044,0.8163857923662575
561,-1.2,2,0.050000000000000044,0.40127924672178467
562,-3.4000000000000004,4,0.050000000000000044,0.3745224486284314
563,-7.8,8,0.050000000000000044,0.9001882108069663
564,-5.6000000000000005,6,0.050000000000000044,0.455211089853526
565,-3.2,4,0.050000000000000044,0.69333733566577
566,-2.2,3,0.050000000000000044,0.2874456883333009
567,-7.9,6,0.050000000000000044,1.358513465298137
568,-3.4000000000000004,4,0.050000000000000044,0.36299505467684556
569,-6.800000000000001,7,0.050000000000000044,0.25679339706406445
570,-14.1,12,0.050000000000000044,1.1638637964326461
571,-1.2,2,0.050000000000000044,0.45171577117036965
572,-3.2,4,0.050000000000000044,0.28676513138283993
573,-2.0,3,0.050000000000000044,0.7223891258496614
574,-2.2,3,0.050000000000000044,0.28585838945159076
575,-3.4,4,0.050000000000000044,0.938595342993509
576,-1.0,2,0.050000000000000044,1.0089621796952453
577,-30.199999999999992,27,0.050000000000000044,0.9972633068268129
578,-3.4000000000000004,4,0.050000000000000044,0.34609093186309337
579,-6.4,7,0.050000000000000044,0.5962691336717844
580,-5.4,6,0.050000000000000044,0.2970718040041462
581,-6.9,5,0.050000000000000044,0.8864443485995459
582,-5.6000000000000005,6,0.050000000000000044,0.4569171949322976
583,-7.6000000000000005,8,0.050000000000000044,0.5867617184421032
584,-4.4,5,0.050000000000000044,0.32910382488924006
585,-8.0,8,0.050000000000000044,0.5758070211915904
586,-4.2,5,0.050000000000000044,0.7032711617808654
587,-4.2,5,0.050000000000000044,0.97052772603063
588,-12.2,12,0.050000000000000044,0.7889263238913427
589,-15.0,15,0.050000000000000044,0.9984418159487584
590,-6.7,5,0.050000000000000044,1.1697269184669312
591,-5.6000000000000005,6,0.050000000000000044,0.38933683399704533
592,-2.2,3,0.050000000000000044,0.5434912477237326
593,-5.6000000000000005,6,0.050000000000000044,0.38055342741545944
594,-2.2,3,0.050000000000000044,0.5442299289239035
595,-5.7,4,0.050000000000000044,1.4605300272806954
596,-4.6000000000000005,5,0.050000000000000044,0.4715666032981624
597,-3.2,4,0.050000000000000044,0.43548450396685084
598,-2.2,3,0.050000000000000044,0.7320915079473846
599,-2.2,3,0.050000000000000044,0.37740194145379863
600,-3.4000000000000004,4,0.050000000000000044,0.3836603507786933
601,-8.9,7,0.050000000000000044,1.5218477788876712
602,-1.2,2,0.050000000000000044,0.41832023608933094
603,-2.2,3,0.050000000000000044,0.27567253897805094
604,-3.4000000000000004,4,0.050000000000000044,0.3630598637849032
605,-5.7,4,0.050000000000000044,1.2708465358183543
606,-4.2,5,0.050000000000000044,0.5102134876751563
607,-7.6000000000000005,8,0.050000000000000044,0.7337840981762483
608,-6.8,7,0.050000000000000044,0.7168231943421774
609,-2.4,3,0.050000000000000044,0.33851428023165414
610,-9.2,5,0.050000000000000044,1.8408918855251397
611,-23.9,21,0.050000000000000044,1.1935648996459247
612,-3.4000000000000004,4,0.050000000000000044,0.349756686161937
613,-4.4,5,0.050000000000000044,0.7985882767010477
614,-3.4,4,0.050000000000000044,0.7377045397908626
615,0.0,1,0.050000000000000044,0.9338990995235168
616,-7.5,6,0.050000000000000044,1.3837196176028461
617,-6.9,5,0.050000000000000044,1.1781743171320938
618,-2.4,3,0.050000000000000044,0.45325485050294967
619,-1.2,2,0.050000000000000044,0.4847275618895406
620,-3.2,4,0.050000000000000044,0.5739190002326556
621,-16.699999999999996,14,0.050000000000000044,0.826438250485138
622,-14.8,10,0.050000000000000044,1.2478594709335513
623,-6.800000000000001,7,0.050000000000000044,0.25137256571467087
624,-3.2,4,0.050000000000000044,0.44618481974887825
625,-8.8,9,0.050000000000000044,0.6349415901625624
626,-2.4,3,0.050000000000000044,0.3007341400624006
627,-1.2,2,0.050000000000000044,0.42817933443865125
628,-4.5,3,0.050000000000000044,1.7284794542746813
629,-3.2,4,0.050000000000000044,0.30384945604933455
630,-3.2,4,0.050000000000000044,0.2959504440161139
631,-5.4,6,0.050000000000000044,0.790265672594957
632,-5.9,4,0.050000000000000044,1.1090705616151115
633,-1.2,2,0.050000000000000044,0.42632690861999845
634,-2.2,3,0.050000000000000044,0.3943019164857337
635,0.0,1,0.050000000000000044,0.9295663223340123
636,0.0,1,0.050000000000000044,0.8091688775711382
637,-1.2,2,0.050000000000000044,0.5009183438556001
638,0.0,1,0.050000000000000044,0.9084883786607807
639,-8.7,7,0.050000000000000044,1.1347374920850828
640,-3.2,4,0.050000000000000044,1.4253959034835337
641,-9.8,10,0.050000000000000044,0.7023172514012312
642,-2.2,3,0.050000000000000044,0.3531981928194757
643,-3.4000000000000004,4,0.050000000000000044,0.3367628288743811
644,-3.2,4,0.050000000000000044,0.2745379427520002
645,-2.2,3,0.050000000000000044,0.6062754185045596
646,-1.2,2,0.050000000000000044,0.42690042407232753
647,-7.9,6,0.050000000000000044,1.240716106967594
648,-4.2,5,0.050000000000000044,0.5415540488326096
649,-1.2,2,0.050000000000000044,0.4473460866163661
650,-16.9,10,0.050000000000000044,1.6567029097789174
651,-4.7,3,0.050000000000000044,1.49518523129011
652,-4.7,3,0.050000000000000044,1.513076588755295
653,0.0,1,0.050000000000000044,0.9537300320806054
654,-4.4,5,0.050000000000000044,0.3857765855525178
655,-8.8,9,0.050000000000000044,0.4857429947692176
656,-12.2,12,0.050000000000000044,0.7384097921892456
657,-2.2,3,0.050000000000000044,0.5943598965791073
658,-3.4,4,0.050000000000000044,0.7121609337692667
659,-3.4000000000000004,4,0.050000000000000044,0.28497242593739713
660,-9.0,9,0.050000000000000044,0.5889737452175523
661,-4.4,5,0.050000000000000044,0.6071293035615069
662,-7.8,8,0.050000000000000044,0.5281838218466032
663,-5.2,6,0.050000000000000044,0.8965906252362008
664,-3.4,4,0.050000000000000044,0.6217595881073664
665,-8.8,9,0.050000000000000044,0.6308493215217644
666,-1.2,2,0.050000000000000044,0.4258933035778852
667,-5.2,6,0.050000000000000044,0.6074625877578899
668,-3.4,4,0.050000000000000044,0.6102036001533939
669,-1.0,2,0.050000000000000044,0.8050251923545589
670,-1.2,2,0.050000000000000044,0.42559600994777463
671,-10.1,8,0.050000000000000044,0.9352757708766464
672,-11.399999999999999,11,0.050000000000000044,0.5237709077712217
673,-1.2,2,0.050000000000000044,0.4764410140011072
674,-2.2,3,0.050000000000000044,0.6975417601933213
675,-1.2,2,0.050000000000000044,0.4254306403039549
676,-3.2,4,0.050000000000000044,0.2774634491046888
677,-5.6000000000000005,6,0.050000000000000044,0.7314097954004044
678,-3.2,4,0.050000000000000044,1.298636112577844
679,-5.8,6,0.050000000000000044,0.5517827834704555
680,-1.0,2,0.050000000000000044,0.7921612265430339
681,-1.2,2,0.050000000000000044,0.4993231137486159
682,-2.4,3,0.050000000000000044,0.44358442072634885
683,-1.2,2,0.050000000000000044,0.40422770487403936
684,-3.2,4,0.050000000000000044,0.7229268023537831
685,-2.2,3,0.050000000000000044,0.5386954885892062
686,0.0,1,0.050000000000000044,0.7864018800273718
687,-7.6000000000000005,8,0.050000000000000044,0.5853658718913145
688,-6.7,5,0.050000000000000044,0.9316457907958802
689,0.0,1,0.050000000000000044,0.9136447161706125
690,-1.2,2,0.050000000000000044,0.4249118673715552
691,-2.2,3,0.050000000000000044,0.33571478891786394
692,-3.4000000000000004,4,0.050000000000000044,0.23551331448001003
693,-1.2,2,0.050000000000000044,0.4666774209130481
694,-4.2,5,0.050000000000000044,0.9220191020912318
695,-5.4,6,0.050000000000000044,0.9980440718353888
696,-3.2,4,0.050000000000000044,0.28630699313582747
697,-1.0,2,0.050000000000000044,1.0719555598218389
698,-10.399999999999999,10,0.050000000000000044,0.7535530168645191
699,-7.8,8,0.050000000000000044,0.70687487986271
700,-1.2,2,0.050000000000000044,0.4034445729411549
701,-1.2,2,0.050000000000000044,0.4495072417667339
702,-4.7,3,0.050000000000000044,1.475172632230879
703,-2.2,3,0.050000000000000044,0.6826630720618008
704,-4.4,5,0.050000000000000044,0.3483993054353688
705,-2.2,3,0.050000000000000044,0.542811675227446
706,-4.5,3,0.050000000000000044,1.7860545506362246
707,-1.0,2,0.050000000000000044,0.7607415538373788
708,-19.499999999999996,12,0.050000000000000044,1.3574308432445863
709,-10.0,10,0.050000000000000044,0.7171823419820497
710,-9.2,5,0.050000000000000044,1.833035696170024
711,-11.299999999999999,9,0.050000000000000044,0.8430779097534723
712,-2.2,3,0.050000000000000044,0.2793548780751755
713,-3.4,4,0.050000000000000044,0.5743918639643888
714,-3.4000000000000004,4,0.050000000000000044,0.2974279771701551
715,-5.6000000000000005,6,0.050000000000000044,0.20843289549464408
716,-7.7,6,0.050000000000000044,0.9172947873235464
717,-20.999999999999996,19,0.050000000000000044,0.9552843002016033
718,-1.2,2,0.050000000000000044,0.42352001810125195
719,-2.2,3,0.050000000000000044,0.5411468986835334
720,-19.299999999999997,16,0.050000000000000044,1.0690788347133608
721,-3.4,4,0.050000000000000044,0.7415219770098153
722,-1.2,2,0.050000000000000044,0.4542725698221588
723,-4.7,3,0.050000000000000044,1.4867050720702109
724,-2.2,3,0.050000000000000044,0.7512954920852404
725,-8.9,7,0.050000000000000044,1.0157489978722114
726,0.0,1,0.050000000000000044,0.7247049489989974
727,-3.2,4,0.050000000000000044,0.44925245882600345
728,0.0,1,0.050000000000000044,0.9123517939116682
729,-2.2,3,0.050000000000000044,0.5395057983807442
730,0.0,1,0.050000000000000044,0.8945328348025647
731,-15.099999999999998,13,0.050000000000000044,1.1030519518838857
732,0.0,1,0.050000000000000044,0.7173550002261881
733,-8.8,9,0.050000000000000044,0.5407635030764596
734,-4.2,5,0.050000000000000044,1.035593127488011
735,-4.4,5,0.050000000000000044,1.271266959808159
736,-7.8,8,0.050000000000000044,0.4964204228317569
737,-3.2,4,0.050000000000000044,0.27841281420411157
738,-1.2,2,0.050000000000000044,0.5076951566246566
739,-4.4,5,0.050000000000000044,0.3106610323980276
740,-1.2,2,0.050000000000000044,0.49721669115039846
741,-2.2,3,0.050000000000000044,0.5123714849289129
742,-5.6000000000000005,6,0.050000000000000044,0.28121726371521744
743,-1.2,2,0.050000000000000044,0.459425645145456
744,-2.2,3,0.050000000000000044,0.7614157644803249
745,-10.3,8,0.050000000000000044,0.7969234960674253
746,-3.2,4,0.050000000000000044,1.1108534130539038
747,-3.4000000000000004,4,0.050000000000000044,0.2630925198579256
748,-3.2,4,0.050000000000000044,0.2859963368597188
749,-5.4,6,0.050000000000000044,0.2961455610048807
750,0.0,1,0.050000000000000044,0.8758858919538658
751,-2.2,3,0.050000000000000044,0.7375443610122181
752,-8.4,9,0.050000000000000044,1.1474569932873318
753,-6.6000000000000005,7,0.050000000000000044,0.3881872023758564
754,-2.2,3,0.050000000000000044,0.509566156043852
755,-5.7,4,0.050000000000000044,1.4155995182221237
756,-4.7,3,0.050000000000000044,1.4628570069862175
757,-4.5,3,0.050000000000000044,1.8019848235008729
758,-7.7,6,0.050000000000000044,1.2165816352955487
759,-3.4,4,0.050000000000000044,0.5671802459972566
760,-10.100000000000001,8,0.050000000000000044,1.1435104539562122
761,-6.4,7,0.050000000000000044,0.748739827723243
762,-6.6000000000000005,7,0.050000000000000044,0.6215545340991272
763,-6.9,5,0.050000000000000044,0.9275868771950725
764,-5.4,6,0.050000000000000044,0.6306130554231791
765,-20.099999999999998,17,0.050000000000000044,1.0433734544884228
766,-3.2,4,0.050000000000000044,0.46799139523811367
767,-5.4,6,0.050000000000000044,0.8941603508413198
768,-1.2,2,0.050000000000000044,0.5017273686115833
769,-4.4,5,0.050000000000000044,0.8458406621495449
770,-4.4,5,0.050000000000000044,0.7454757623877579
771,-2.2,3,0.050000000000000044,0.5098891247260955
772,-2.2,3,0.050000000000000044,0.6836363016807109
773,-2.4,3,0.050000000000000044,0.38150229916722633
774,-2.2,3,0.050000000000000044,0.5096513325696055
775,-2.2,3,0.050000000000000044,0.5367668899797975
776,-4.2,5,0.050000000000000044,0.4235054444604466
777,-1.0,2,0.050000000000000044,0.7348261339818227
778,-5.7,4,0.050000000000000044,1.3840182185355874
779,-4.4,5,0.050000000000000044,0.6146859262741463
780,-2.4,3,0.050000000000000044,0.3845489838470288
781,-3.4000000000000004,4,0.050000000000000044,0.2749263013284373
782,-1.0,2,0.050000000000000044,0.9087385171044557
783,-4.2,5,0.050000000000000044,0.7150523328581735
784,-2.4,3,0.050000000000000044,0.3717491922386509
785,-2.2,3,0.050000000000000044,0.5090744408369746
786,-10.0,10,0.050000000000000044,0.868194862098932
787,-8.0,8,0.050000000000000044,0.39079217120430343
788,-20.0,15,0.050000000000000044,1.3136154986167223
789,-5.6000000000000005,6,0.050000000000000044,0.5563642482491158
790,0.0,1,0.050000000000000044,0.9193419483391865
791,-18.4,9,0.050000000000000044,1.8748668088453282
792,-2.4,3,0.050000000000000044,0.40350999193941317
793,-6.9,5,0.050000000000000044,1.2525114579731196
794,-1.0,2,0.050000000000000044,0.8016524916583774
795,-3.4000000000000004,4,0.050000000000000044,0.319687961218477
796,-4.4,5,0.050000000000000044,0.8698862030561234
797,-2.4,3,0.050000000000000044,0.3471615753858623
798,-7.4,8,0.050000000000000044,0.9596318825279256
799,-7.6000000000000005,8,0.050000000000000044,0.7814736406275932
800,-2.2,3,0.050000000000000044,0.675547786594739
801,-2.2,3,0.050000000000000044,0.5522709759510648
802,-3.4,4,0.050000000000000044,0.6742916626436556
803,0.0,1,0.050000000000000044,0.910901926117044
804,-11.299999999999999,9,0.050000000000000044,0.9789203812929844
805,-1.0,2,0.050000000000000044,0.916041175390838
806,-4.6,5,0.050000000000000044,0.3512768552658051
807,-6.7,5,0.050000000000000044,1.7476491920799393
808,-5.4,6,0.050000000000000044,1.1052707062842797
809,-5.4,6,0.050000000000000044,0.527648869011398
810,-13.2,9,0.050000000000000044,1.496755465773263
811,-1.2,2,0.050000000000000044,0.5069471493564411
812,-2.2,3,0.050000000000000044,0.6205778261492626
813,-2.4,3,0.050000000000000044,0.44353267023410714
814,-7.6000000000000005,8,0.050000000000000044,0.7626868980137852
815,-2.2,3,0.050000000000000044,0.6108241167378972
816,-7.7,6,0.050000000000000044,0.9164915638123833
817,-1.0,2,0.050000000000000044,0.8787169476681931
818,-7.9,6,0.050000000000000044,1.0422520692599677
819,-5.7,4,0.050000000000000044,1.283939146208549
820,-3.2,4,0.050000000000000044,0.34403348869596573
821,-1.2,2,0.050000000000000044,0.46489648927211824
822,-5.4,6,0.050000000000000044,0.7018836880653764
823,-2.2,3,0.050000000000000044,0.5873035430425837
824,-2.4,3,0.050000000000000044,0.38745470977945057
825,-3.4,4,0.050000000000000044,0.594677468562427
826,-9.2,5,0.050000000000000044,1.5899159478343319
827,-5.4,6,0.050000000000000044,0.6691521154624183
828,-2.4,3,0.050000000000000044,0.3755109832023075
829,-3.4,4,0.050000000000000044,0.6417902997875354
830,-3.4000000000000004,4,0.050000000000000044,0.2944269884064806
831,-12.399999999999999,12,0.050000000000000044,0.9811746490742066
832,-2.2,3,0.050000000000000044,0.7162966734649864
833,-3.4,4,0.050000000000000044,0.6315154643717308
834,-13.499999999999998,11,0.050000000000000044,0.8296203144104024
835,-2.2,3,0.050000000000000044,0.5913126074862035
836,-2.2,3,0.050000000000000044,0.3239915456184705
837,-5.7,4,0.050000000000000044,1.3280833000356311
838,-4.6000000000000005,5,0.050000000000000044,0.2916949377012466
839,-4.4,5,0.050000000000000044,0.756455599891505
840,-1.2,2,0.050000000000000044,0.47606559788272557
841,-4.2,5,0.050000000000000044,1.004624010264198
842,-1.2,2,0.050000000000000044,0.45133685105521126
843,-19.7,16,0.050000000000000044,1.034510996655944
844,-7.6000000000000005,8,0.050000000000000044,0.7004527463586383
845,-4.4,5,0.050000000000000044,0.39906825910105986
846,-6.9,5,0.050000000000000044,1.0947095475835966
847,-7.8,8,0.050000000000000044,0.6749498832394893
848,-4.8,5,0.050000000000000044,0.29493349655974527
849,-5.4,6,0.050000000000000044,0.8271230530349173
850,-5.7,4,0.050000000000000044,1.3113791080347519
851,-8.799999999999999,9,0.050000000000000044,0.8247314477218782
852,-3.2,4,0.050000000000000044,0.4959995531199211
853,-1.2,2,0.050000000000000044,0.4490321774909929
854,-3.2,4,0.050000000000000044,0.29995158261534927
855,-2.4,3,0.050000000000000044,0.41510528014487713
856,-7.4,8,0.050000000000000044,0.7783725523069319
857,-6.4,7,0.050000000000000044,0.6455344458254919
858,-12.8,8,0.050000000000000044,1.2767059294017362
859,-3.4,4,0.050000000000000044,0.6329909708999601
860,-7.7,6,0.050000000000000044,0.9744656384352058
861,-2.2,3,0.050000000000000044,0.6059278066441701
862,-4.4,5,0.050000000000000044,0.61322983459386
863,-6.7,5,0.050000000000000044,1.7776630031131444
864,-6.9,5,0.050000000000000044,1.199047966313271
865,-1.0,2,0.050000000000000044,0.896974866069033
866,-1.0,2,0.050000000000000044,0.8897002916831149
867,-3.4000000000000004,4,0.050000000000000044,0.2709926011196174
868,-1.0,2,0.050000000000000044,0.8943743342409289
869,-8.8,9,0.050000000000000044,0.8088596941191357
870,-1.0,2,0.050000000000000044,0.8868630379829261
871,-3.4,4,0.050000000000000044,0.6518099088713571
872,0.0,1,0.050000000000000044,0.8080855723449301
873,-13.7,11,0.050000000000000044,0.9773178590999199
874,-2.2,3,0.050000000000000044,0.5941723651774996
875,-3.4,4,0.050000000000000044,0.6037946744750726
876,-2.2,3,0.050000000000000044,0.3020569262513868
877,-3.2,4,0.050000000000000044,0.45426664737110295
878,-5.4,6,0.050000000000000044,0.5563269344554033
879,-14.299999999999999,12,0.050000000000000044,0.9813064968591253
880,-14.799999999999999,15,0.050000000000000044,1.0085144590210982
881,-2.2,3,0.050000000000000044,0.6072165898293086
882,-2.4,3,0.050000000000000044,0.39547701644535344
883,-3.2,4,0.050000000000000044,0.5333309117052499
884,-7.8,8,0.050000000000000044,0.9713664934195181
885,-4.4,5,0.050000000000000044,0.5984778019966805
886,-2.4,3,0.050000000000000044,0.38946584785371713
887,0.0,1,0.050000000000000044,0.7948644612684039
888,-3.4,4,0.050000000000000044,0.6314488219351958
889,-1.0,2,0.050000000000000044,0.8595743621437522
890,-7.0,7,0.050000000000000044,0.6341175987171372
891,-2.4,3,0.050000000000000044,0.40766659629985513
892,-3.2,4,0.050000000000000044,0.29681457553029134
893,-1.2,2,0.050000000000000044,0.43148335741095795
894,-3.2,4,0.050000000000000044,0.2934284464796833
895,-3.4,4,0.050000000000000044,0.6198849223669447
896,-1.0,2,0.050000000000000044,0.847844528266088
897,-8.0,4,0.050000000000000044,2.1847511971958564
898,0.0,1,0.050000000000000044,0.8214063740607253
899,-8.0,4,0.050000000000000044,2.192926206283187
900,-2.2,3,0.050000000000000044,0.5766388921467805
901,-1.2,2,0.050000000000000044,0.44238487816873934
902,-7.7,6,0.050000000000000044,1.5089035118879408
903,-7.6000000000000005,8,0.050000000000000044,0.8858874079203602
904,-12.299999999999999,10,0.050000000000000044,1.0414507207015669
905,-5.7,4,0.050000000000000044,1.305482688036177
906,-2.2,3,0.050000000000000044,0.5858378482185728
907,-1.2,2,0.050000000000000044,0.43023987190032364
908,-4.4,5,0.050000000000000044,0.5510551346818098
909,-2.2,3,0.050000000000000044,0.6007234691523696
910,-1.2,2,0.050000000000000044,0.44437613757524225
911,-6.7,5,0.050000000000000044,1.0785992253392673
912,-3.2,4,0.050000000000000044,0.2923328139457499
913,-2.2,3,0.050000000000000044,0.3038092819820847
914,-4.4,5,0.050000000000000044,0.7365619478979677
915,-4.2,5,0.050000000000000044,0.40066673037094824
916,-2.4,3,0.050000000000000044,0.3806957192609824
917,-4.5,3,0.050000000000000044,1.7212675262252333
918,-5.2,6,0.050000000000000044,0.8174508002483845
919,-14.799999999999997,14,0.050000000000000044,0.6749476146269696
920,-10.2,10,0.050000000000000044,0.6283869606808815
921,-2.2,3,0.050000000000000044,0.3253063543943207
922,0.0,1,0.050000000000000044,0.8571996843609786
923,-1.2,2,0.050000000000000044,0.4274829386680909
924,-2.4,3,0.050000000000000044,0.32023082138250675
925,-7.8,8,0.050000000000000044,0.6378539611601753
926,-4.7,3,0.050000000000000044,1.4580252290854203
927,-11.299999999999999,9,0.050000000000000044,0.9693000216369673
928,-13.1,11,0.050000000000000044,1.0486027391787731
929,-8.1,6,0.050000000000000044,0.9733528379438036
930,-2.4,3,0.050000000000000044,0.3937339468707983
931,-4.7,3,0.050000000000000044,1.4579086908311991
932,-1.2,2,0.050000000000000044,0.4408488882951634
933,-6.5,5,0.050000000000000044,1.6881105756005284
934,-1.2,2,0.050000000000000044,0.4410016173737447
935,-8.8,9,0.050000000000000044,0.884156452114365
936,-1.2,2,0.050000000000000044,0.4339372274115856
937,-2.4,3,0.050000000000000044,0.31744992663488797
938,-15.100000000000001,13,0.050000000000000044,1.277185834970614
939,0.0,1,0.050000000000000044,0.8784698593812569
940,-4.4,5,0.050000000000000044,0.3708422459458198
941,-14.799999999999997,14,0.050000000000000044,0.630357447857311
942,-3.4000000000000004,4,0.050000000000000044,0.31093910749332054
943,-7.9,6,0.050000000000000044,1.2349422376960943
944,-10.1,8,0.050000000000000044,0.9953237214894308
945,-4.4,5,0.050000000000000044,0.3917213630758338
946,-6.4,7,0.050000000000000044,0.78229471555823
947,-3.2,4,0.050000000000000044,0.352041066102551
948,-2.2,3,0.050000000000000044,0.6156658484708305
949,-6.7,5,0.050000000000000044,1.2702852113384089
950,-5.7,4,0.050000000000000044,1.335404554329086
951,-1.2,2,0.050000000000000044,0.4363219237150532
952,-13.7,11,0.050000000000000044,1.0240313945244282
953,0.0,1,0.050000000000000044,0.8561772215407756
954,-3.4000000000000004,4,0.050000000000000044,0.2884836166922294
955,-3.4,4,0.050000000000000044,0.6520449592241047
956,-2.2,3,0.050000000000000044,0.6595783370404663
957,-5.7,4,0.050000000000000044,1.3587189048859454
958,-4.5,3,0.050000000000000044,1.9013171035458256
959,-1.2,2,0.050000000000000044,0.5012019485840973
960,-3.5999999999999996,4,0.050000000000000044,0.27302535019046253
961,-5.4,6,0.050000000000000044,0.9672903219649484
962,-2.4,3,0.050000000000000044,0.3720877183438543
963,-6.9,5,0.050000000000000044,0.4622882079655793
964,-14.6,10,0.050000000000000044,1.2920288069685886
965,-14.2,14,0.050000000000000044,0.8557191559123554
966,0.0,1,0.050000000000000044,0.841796838262291
967,-2.2,3,0.050000000000000044,0.650246394282103
968,-3.4,4,0.050000000000000044,0.6712431394242363
969,-2.2,3,0.050000000000000044,0.6397911237328096
970,-2.2,3,0.050000000000000044,0.6746121490099491
971,-3.2,4,0.050000000000000044,0.44945151480591417
972,-2.2,3,0.050000000000000044,0.3473403429666016
973,-4.2,5,0.050000000000000044,0.39747153143483754
974,-1.2,2,0.050000000000000044,0.474439492803492
975,-3.2,4,0.050000000000000044,0.5368181991761941
976,0.0,1,0.050000000000000044,0.8106225237036813
977,-9.7,8,0.050000000000000044,1.2827181423625795
978,-1.2,2,0.050000000000000044,0.4783140160727804
979,-11.1,9,0.050000000000000044,1.036096340233736
980,-2.2,3,0.050000000000000044,0.5854801436204322
981,-1.2,2,0.050000000000000044,0.4259717393940182
982,-9.899999999999999,8,0.050000000000000044,1.0540036265165236
983,0.0,1,0.050000000000000044,0.7866766249484217
984,-3.4,4,0.050000000000000044,0.6404544477688372
985,-17.2,17,0.050000000000000044,0.867744353654683
986,-2.4,3,0.050000000000000044,0.3848064770983723
987,-5.9,4,0.050000000000000044,0.8586455610316877
988,-4.4,5,0.050000000000000044,0.5679855431397861
989,-2.2,3,0.050000000000000044,0.6343386093589202
990,-1.2,2,0.050000000000000044,0.46741562935515424
991,-4.5,3,0.050000000000000044,1.774858351867591
992,-2.4,3,0.050000000000000044,0.3794348614229192
993,-18.0,17,0.050000000000000044,0.975599500103375
994,-2.2,3,0.050000000000000044,0.6307989174944054
995,-3.4000000000000004,4,0.050000000000000044,0.28148146306993826
996,-17.599999999999998,17,0.050000000000000044,0.9765454187414503
997,-1.0,2,0.050000000000000044,0.8902639794585063
998,-8.8,9,0.050000000000000044,0.6782045120481794
999,-1.0,2,0.050000000000000044,0.8837742487994278
